Deslocamento;Massa
0.104;0
0.106;0.01672
0.107;0.02599
0.108;0.03363
0.109;0.0428
0.11;0.05125
0.1115;0.06429
0.113;0.07832
0.1145;0.09188
0.113;0.07832
0.1115;0.06429
0.109;0.05125
0.109;0.0428
0.108;0.03363
0.1075;0.02599
0.1065;0.01672
0.1045;0
